ID,StationNumber,RowNumber,ProcessName,CriticalStatus,Distance,ProjectID,CensorDistance,FlightBar
23,19,2,Dryer 2,Low,940,2,,0
24,20,2,Cross Trolley 1,Low,350,2,,0
25,21,2,Unloading,Low,0,2,,0
26,1,1,Loading with CT,High,0,1,,0
27,2,1,Loading 1,High,2000,1,,0
28,3,1,Loading 3,High,3000,1,,0
29,3,1,Loading 2,High,3000,1,,0
30,4,1,Loading 3,High,4000,1,,0
31,5,1,Loading 4,High,5000,1,,0
32,6,1,Hot Soak 1,High,6000,1,,0
33,7,1,Warm Rinse,Low,7000,1,,0
34,8,1,Hot Soak 2,High,8000,1,,0
35,9,1,Anodic 1,High,9000,1,,0
36,10,1,CF Rinse 1,Low,10000,1,,0
37,11,1,CF Rinse 2,Low,11000,1,,0
38,1,1,Loading,High,0,8,,0
39,2,1,Degreasing,Medium,1250,8,,0
40,3,1,,,0,8,,0
41,4,1,,,0,8,,0
42,5,1,,,0,8,,0
43,6,1,,,0,8,,0
44,7,1,,,0,8,,0
45,8,1,,,0,8,,0
46,9,1,,,0,8,,0
47,10,1,Acid1,,0,8,,0
48,11,1,Acid2,,0,8,,0
49,11,2,,,0,8,,0
50,12,2,,,0,8,,0
51,13,2,,,0,8,,0
52,14,2,,,0,8,,0
53,15,2,,,0,8,,0
54,16,2,,,0,8,,0
55,16,3,,,0,8,,0
56,17,3,,,0,8,,0
57,18,3,,,0,8,,0
58,19,3,,,0,8,,0
59,20,3,,,0,8,,0
60,21,3,,,0,8,,0
61,22,3,,,0,8,,0
62,23,3,,,0,8,,0
63,24,3,,,0,8,,0
64,25,3,,,0,8,,0
70,17,2,,,0,8,,0
71,18,2,,,0,8,,0
72,19,2,,,0,8,,0
73,20,2,,,0,8,,0
75,2,1,Degreasing,Medium,0,9,,0
76,3,1,,,0,9,,0
77,4,1,,,0,9,,0
78,5,1,,,0,9,,0
79,6,1,,,0,9,,0
80,7,1,,,0,9,,0
81,8,1,,,0,9,,0
82,9,1,,,0,9,,0
83,10,1,,,0,9,,0
84,11,1,,,0,9,,0
85,12,1,,,0,9,,0
86,13,1,,,0,9,,0
87,14,1,,,0,9,,0
88,15,1,,,0,9,,0
89,16,1,,,0,9,,0
90,17,1,,,0,9,,0
91,18,1,,,0,9,,0
92,19,1,,,0,9,,0
93,20,1,,,0,9,,0
94,21,1,,,0,9,,0
95,22,1,,,0,9,,0
96,23,1,,,0,9,,0
97,24,1,,,0,9,,0
98,25,1,,,0,9,,0
99,26,1,,,0,9,,0
100,27,1,,,0,9,,0
101,28,1,,,0,9,,0
102,29,1,,,0,9,,0
103,30,1,,,0,9,,0
104,31,1,,,0,9,,0
105,31,2,,,0,9,,0
106,32,2,,,0,9,,0
107,33,2,,,0,9,,0
108,34,2,,,0,9,,0
109,35,2,,,0,9,,0
110,36,2,,,0,9,,0
111,37,2,,,0,9,,0
112,38,2,,,0,9,,0
113,39,2,,,0,9,,0
114,40,2,,,0,9,,0
115,41,2,,,0,9,,0
116,42,2,,,0,9,,0
117,43,2,,,0,9,,0
118,44,2,,,0,9,,0
119,45,2,,,0,9,,0
120,46,2,,,0,9,,0
6,5,1,Low Critical,,2755,2,,0
121,47,2,,,0,9,,0
122,48,2,,,0,9,,0
123,49,2,,,0,9,,0
124,50,2,,,0,9,,0
125,51,2,,,0,9,,0
126,52,2,,,0,9,,0
127,53,2,,,0,9,,0
128,54,2,,,0,9,,0
129,55,2,,,0,9,,0
74,1,1,Loading,Low,0,9,,0
1,1,1,Loading,,0,2,1867316991,0
263,1,1,Loading,Low,0,3,0,0
264,2,1,PreCleaning,Low,800,3,50,0
265,3,1,Knockout Degreasing,Low,1600,3,60,0
266,4,1,Degreasing,Low,2400,3,70,0
267,5,1,Descaling,Low,3200,3,25,0
268,6,1,CFWR-1,Low,4000,3,30,0
269,7,1,CFWR-2,Low,4800,3,25,0
270,8,1,Acid Pickling-1,High,5600,3,12,0
271,9,1,Acid Pickling-2,High,6400,3,15,0
272,10,1,CFWR-3,High,7200,3,20,0
273,11,1,CFWR-4,Medium,8000,3,25,0
274,12,1,Anodic Cleaning,Low,8800,3,30,0
275,13,1,CFWR-5,Low,9600,3,35,0
276,14,1,CFWR-6,Low,10400,3,30,0
278,16,1,Acid Dip,High,12000,3,40,0
279,17,1,CFWR-7,High,12800,3,30,0
280,18,1,CFWR-8,Medium,13600,3,50,0
281,19,1,Activation,High,14400,3,50,1
282,20,1,Transfer Station-2,Low,15200,3,40,0
283,21,1,Alkaline Zinc Plating-1,High,16000,3,30,0
284,22,1,Alkaline Zinc Plating-2,High,16800,3,30,0
285,23,1,Alkaline Zinc Plating-3,High,17600,3,45,0
286,24,1,Alkaline Zinc Plating-4,High,18400,3,10,0
287,25,1,Alkaline Zinc Plating-5,High,19200,3,10,0
288,26,1,Alkaline Zinc Plating-6,High,20000,3,10,0
289,27,1,Alkaline Zinc Plating-7,High,20800,3,10,0
290,28,1,Alkaline Zinc Plating-8,High,21600,3,15,0
292,30,1,Alkaline Zinc Plating-10,High,23200,3,20,0
293,31,1,Alkaline Zinc Plating-11,High,24000,3,25,0
294,32,1,Alkaline Zinc Plating-12,High,24800,3,26,0
295,33,1,Alkaline Zinc Plating-13,High,25600,3,30,0
296,34,1,Alkaline Zinc Plating-14,High,26400,3,25,0
297,35,1,CFWR-9,Low,27200,3,65,0
298,36,1,CFWR-10,Low,28000,3,75,0
299,37,1,Nitric Dip-1,High,28800,3,15,0
300,38,1,Single Water Rinse,Medium,29600,3,20,0
301,39,1,Barrel Unloading,Low,30400,3,20,0
302,40,2,Basket Loading,Low,30400,3,20,0
303,41,2,Dehydrator-1,Low,29600,3,25,0
304,42,2,DM Water Rinse,Low,28800,3,50,0
305,43,2,Transfer Station-3,Low,28000,3,50,0
306,44,2,Oven In,Low,27200,3,50,0
308,46,2,Nitric Dip-2,High,25600,3,15,0
309,47,2,Nitric Dip-3,High,24800,3,30,0
310,48,2,CFWR-11,Low,24000,3,35,0
311,49,2,CFWR-12,Low,23200,3,15,0
312,50,2,Transfer Station-4,Low,22400,3,20,0
3,3,1,Degreasing-1,,760,2,,0
851,1,1,Loading Station 1,Medium,0,7,,1
852,2,1,Loading Station 2,Medium,1850,7,,0
853,3,1,Soak Cleaning 1,Medium,2900,7,,1
854,4,1,Soak Cleaning 2,Medium,3950,7,,0
855,5,1,Hot Water rinse,Medium,5200,7,,0
856,6,1,Anodic Cleaning 1,Medium,6450,7,,1
857,7,1,Cascade Rinse 1,Medium,7450,7,,0
858,8,1,Cascade Rinse 2,Medium,8450,7,,0
859,9,1,Acid Pickling 1,Medium,9450,7,,0
860,10,1,Acid Pickling 2,Medium,10450,7,,0
861,11,1,Cascade Rinse 3,Medium,11600,7,,0
862,12,1,Cascade rinse 4,Medium,12750,7,,1
863,13,1,Anodic Cleaning 2,Medium,13900,7,,1
864,14,1,Cascade Rinse 1,Medium,14950,7,,0
865,15,1,Cascade Rinse 2,Medium,16000,7,,0
866,16,1,Acid Pickling 3,Medium,17050,7,,0
867,17,1,Cascade Rinse 3,Medium,18100,7,,0
868,18,1,Cascade Rinse 4,Medium,19150,7,,0
869,19,1,Neutralizer,Medium,20200,7,,1
870,20,1,Cross Shuttle,Medium,22000,7,,1
313,51,2,Trivalent Passivation Blue,High,21600,3,52,0
314,52,2,Triple Rinse-1,Medium,20800,3,65,0
315,53,2,Triple Rinse-2,Medium,20000,3,60,0
316,54,2,Triple Rinse-3,Medium,19200,3,40,0
317,55,2,Trivalent Passivation Yellow,High,18400,3,45,0
318,56,2,Triple Rinse-1,Medium,17600,3,40,0
319,57,2,Triple Rinse-2,Medium,16800,3,35,0
320,58,2,Triple Rinse-3,Medium,16000,3,30,0
321,59,2,Rinse,Low,15200,3,30,0
322,60,2,Hot Alkaline Cleaning,Medium,14400,3,12,0
323,61,2,Dehydrator-2,Low,13600,3,25,0
324,62,2,Top Coat-1,High,12800,3,20,0
325,63,2,Top Coat-2,High,12000,3,20,0
326,64,2,Dryer-1,Low,11200,3,10,0
327,65,2,Dryer-2,Low,10400,3,10,0
328,66,2,Basket Unloading,Low,9600,3,10,0
277,15,1,Transfer Station-1,Low,11200,3,45,0
291,29,1,Alkaline Zinc Plating-9,High,22400,3,15,0
307,45,2,Oven Out,Low,26400,3,12,0
329,1,1,Loading,Low,0,4,0,0
330,2,1,PreCleaning,Low,800,4,50,0
331,3,1,Knockout Degreasing,Low,1600,4,50,0
332,4,1,Degreasing,Low,2400,4,50,0
333,5,1,Descaling,Low,3200,4,50,0
334,6,1,CFWR-1,Low,4000,4,50,0
335,7,1,CFWR-2,Low,4800,4,50,0
336,8,1,Acid Pickling-1,High,5600,4,50,0
337,9,1,Acid Pickling-2,High,6400,4,50,0
338,10,1,CFWR-3,High,7200,4,50,0
339,11,1,CFWR-4,Medium,8000,4,50,0
340,12,1,Anodic Cleaning,Low,8800,4,50,0
341,13,1,CFWR-5,Low,9600,4,50,0
342,14,1,CFWR-6,Low,10400,4,50,0
343,15,1,Transfer Station-1,Low,11200,4,50,0
344,16,1,Acid Dip,High,12000,4,50,0
345,17,1,CFWR-7,High,12800,4,50,0
346,18,1,CFWR-8,Medium,13600,4,50,0
347,19,1,Activation,High,14400,4,50,0
348,20,1,Transfer Station-2,Low,15200,4,50,0
349,21,1,Alkaline Zinc Plating-1,High,16000,4,50,0
350,22,1,Alkaline Zinc Plating-2,High,16800,4,50,0
351,23,1,Alkaline Zinc Plating-3,High,17600,4,50,0
352,24,1,Alkaline Zinc Plating-4,High,18400,4,50,0
353,25,1,Alkaline Zinc Plating-5,High,19200,4,50,0
354,26,1,Alkaline Zinc Plating-6,High,20000,4,50,0
355,27,1,Alkaline Zinc Plating-7,High,20800,4,50,0
356,28,1,Alkaline Zinc Plating-8,High,21600,4,50,0
357,29,1,Alkaline Zinc Plating-9,High,22400,4,50,0
358,30,1,Alkaline Zinc Plating-10,High,23200,4,50,0
359,31,1,Alkaline Zinc Plating-11,High,24000,4,50,0
360,32,1,Alkaline Zinc Plating-12,High,24800,4,50,0
361,33,1,Alkaline Zinc Plating-13,High,25600,4,50,0
362,34,1,Alkaline Zinc Plating-14,High,26400,4,50,0
5,4,1,Degreasing-2,,1765,2,1699020543,0
363,35,1,CFWR-9,Low,27200,4,50,0
364,36,1,CFWR-10,Low,28000,4,50,0
365,37,1,Nitric Dip-1,High,28800,4,50,0
366,38,1,Single Water Rinse,Medium,29600,4,50,0
367,39,1,Barrel Unloading,Low,30400,4,50,0
368,40,2,Basket Loading,Low,30400,4,50,0
619,47,2,Hot Air Dryer,,2971,5,,0
620,46,2,,,5576,5,,0
621,45,2,,,7142,5,,0
622,44,2,,,8390,5,,0
623,43,2,,,9334,5,,0
624,42,2,,,10601,5,,0
625,41,2,,,11813,5,,0
626,40,2,,,12773,5,,0
627,39,2,,,14108,5,,0
628,38,2,,,15739,5,,0
629,37,2,,,17546,5,,0
630,36,2,,,19067,5,,0
631,35,2,,,20056,5,,0
632,34,2,,,21409,5,,0
633,33,2,,,23023,5,,0
634,32,2,,,24805,5,,0
635,31,2,,,26608,5,,0
636,30,2,,,28386,5,,0
7,6,1,Rinse-2,,3740,2,1767046911,0
637,29,2,,,30205,5,,0
638,28,2,,,32010,5,,0
639,27,2,,,33818,5,,0
640,26,2,,,35622,5,,0
641,25,2,,,37404,5,,0
642,24,2,,,41811,5,,0
643,23,1,,,37579,5,,0
644,22,1,,,36655,5,,0
645,21,1,,,35333,5,,0
646,20,1,,,33991,5,,0
647,19,1,,,33035,5,,0
648,18,1,,,32087,5,,0
649,17,1,,,30560,5,,0
650,16,1,,,29441,5,,0
651,15,1,,,28087,5,,0
652,14,1,,,27130,5,,0
653,13,1,,,25792,5,,0
654,12,1,,,24458,5,,0
655,11,1,,,23409,5,,0
656,10,1,,,22517,5,,0
657,9,1,,,21008,5,,0
658,8,1,,,19280,5,,0
659,7,1,,,17676,5,,0
660,6,1,,,16125,5,,0
661,5,1,,,12940,5,,0
662,4,1,Loading 4,,10407,5,,0
663,3,1,Loading 3,,7787,5,,0
664,2,1,Loading 2,,5246,5,,0
665,1,1,Loading 1,,0,5,,0
666,24,1,,,41811,5,,0
667,48,2,,,0,5,,0
790,60,2,Cross Trolley,,0,6,,0
791,59,2,Water Rinse - 2,,1150,6,,1
792,58,2,Water Rinse - 1,,2300,6,,0
793,57,2,Nitric-2,,3450,6,,0
794,56,2,Nitric-1,,4600,6,,1
795,55,2,Water Rinse - 2,,5750,6,,0
796,54,2,Water Rinse - 1,,6900,6,,0
797,53,2,Stripping,,8050,6,,0
798,52,2,Unloading,,9200,6,,0
799,51,2,Dryer - 2,,10350,6,,0
800,50,2,Dryer - 1,,11500,6,,0
801,49,2,Chrome Neutraliser - 2,,12650,6,,0
802,48,2,Chrome Neutraliser - 1,,13800,6,,0
803,47,2,Water Rinse - 2,,14950,6,,0
804,46,2,Water Rinse - 1,,16100,6,,0
805,45,2,Dragout,,17250,6,,0
806,44,2,Bright Chrome,,18400,6,,0
807,43,2,Chrome Activation,,19550,6,,1
808,42,2,Water Rinse - 3,,20700,6,,1
809,41,2,Water Rinse - 2,,21850,6,,0
810,40,2,Water Rinse - 1,,23000,6,,0
9,8,1,Rinse-1,,5105,2,1767046911,0
811,39,2,Dragout,,24150,6,,1
812,38,2,MPS Nickel,,25300,6,,0
813,37,2,Dragout,,26450,6,,1
814,36,2,Bright Nickel,,27600,6,,0
815,35,2,Semi Bright Nickel,,28750,6,,1
816,34,2,Water Rinse - 2,,29900,6,,0
817,33,2,Water Rinse - 1,,31050,6,,0
818,32,2,Acid Dip,,32200,6,,0
819,31,2,Water Rinse,,33350,6,,0
820,30,2,Cross Trolley,,34500,6,,0
821,30,1,Cross Trolley,,34500,6,,0
822,29,1,Water Rinse ,,33350,6,,0
823,28,1,Dragout,,32200,6,,0
824,27,1,Copper Plating - 2,,31050,6,,0
825,26,1,Copper Plating - 1,,29900,6,,0
826,25,1,Water Rinse - 3,,28750,6,,0
827,24,1,Water Rinse - 2,,27600,6,,0
828,23,1,Water Rinse - 1,,26450,6,,0
829,22,1,ElectrolessNickel,,25300,6,,0
830,21,1,Water Rinse - 3,,24150,6,,0
831,20,1,Water Rinse - 2,,23000,6,,0
832,19,1,Water Rinse - 1,,21850,6,,0
833,18,1,Accelerator,,20700,6,,0
834,17,1,Water Rinse - 3,,19550,6,,1
835,16,1,Water Rinse - 2,,18400,6,,1
836,15,1,Water Rinse - 1,,17250,6,,0
837,14,1,Activation,,16100,6,,0
838,13,1,Pre Activation,,14950,6,,0
839,12,1,Water Rinse - 2,,13800,6,,0
840,11,1,Water Rinse - 1,,12650,6,,1
841,10,1,Neutraliser,,11500,6,,1
842,9,1,Water Rinse - 3,,10350,6,,1
843,8,1,Water Rinse - 2,,9200,6,,0
844,7,1,Water Rinse - 1,,8050,6,,0
845,6,1,Dragout-2,,6900,6,,0
846,5,1,Dragout-1,,5750,6,,1
847,4,1,Spare,,4600,6,,0
848,3,1,Etching,,3450,6,,0
849,2,1,Water Rinse,,2300,6,,1
850,1,1,Loading,,1150,6,,0
10,9,1,Rinse-2,,5705,2,1767046911,0
11,10,1,Rinse-3,,6255,2,1767046911,0
15,12,2,Phosphating-1,,6287,2,1750138623,0
16,13,2,Phosphating-2,,5582,2,1750138623,0
17,14,2,Rinse-1,,4822,2,1767046911,0
18,15,2,Rinse-2,,3966,2,1767046911,0
22,,,Dryer-1,,,2,1917124351,0
21,18,2,Dryer-1,,1645,2,1917124351,0
20,17,2,Hot Water,,2501,2,1867054847,0
2,2,1,Cross Trolley-1,,350,2,1917058815,0
8,7,1,Pickling,,4555,2,1766915839,0
12,11,1,Cross Trolley-2,,6805,2,1917058815,0
14,11,2,Cross Trolley-2,,6805,2,1917058815,0
19,16,2,Passivation,,3261,2,1632698111,0
